Class Code,Court Name
2,tjsp
5,tjsp
7,tjsp
22,tjsp
26,tjsp
27,tjsp
28,tjsp
29,tjsp
30,tjsp
31,tjsp
32,tjsp
34,tjsp
35,tjsp
37,tjsp
38,tjsp
39,tjsp
40,tjsp
41,tjsp
44,tjsp
45,tjsp
46,tjsp
47,tjsp
48,tjsp
49,tjsp
50,tjsp
51,tjsp
52,tjsp
53,tjsp
54,tjsp
55,tjsp
56,tjsp
57,tjsp
58,tjsp
59,tjsp
60,tjsp
61,tjsp
62,tjsp
63,tjsp
64,tjsp
65,tjsp
66,tjsp
69,tjsp
72,tjsp
74,tjsp
76,tjsp
77,tjsp
79,tjsp
80,tjsp
81,tjsp
82,tjsp
83,tjsp
84,tjsp
85,tjsp
86,tjsp
87,tjsp
88,tjsp
89,tjsp
90,tjsp
91,tjsp
92,tjsp
93,tjsp
94,tjsp
95,tjsp
96,tjsp
97,tjsp
98,tjsp
99,tjsp
100,tjsp
107,tjsp
108,tjsp
110,tjsp
111,tjsp
112,tjsp
113,tjsp
114,tjsp
115,tjsp
118,tjsp
119,tjsp
120,tjsp
121,tjsp
122,tjsp
123,tjsp
124,tjsp
127,tjsp
128,tjsp
129,tjsp
134,tjsp
135,tjsp
136,tjsp
137,tjsp
138,tjsp
140,tjsp
141,tjsp
142,tjsp
143,tjsp
144,tjsp
145,tjsp
150,tjsp
151,tjsp
152,tjsp
153,tjsp
154,tjsp
155,tjsp
156,tjsp
157,tjsp
158,tjsp
159,tjsp
165,tjsp
166,tjsp
167,tjsp
169,tjsp
170,tjsp
171,tjsp
172,tjsp
173,tjsp
175,tjsp
176,tjsp
177,tjsp
178,tjsp
179,tjsp
180,tjsp
181,tjsp
182,tjsp
183,tjsp
186,tjsp
188,tjsp
190,tjsp
191,tjsp
192,tjsp
193,tjsp
194,tjsp
195,tjsp
196,tjsp
197,tjsp
198,tjsp
199,tjsp
200,tjsp
202,tjsp
203,tjsp
204,tjsp
206,tjsp
207,tjsp
208,tjsp
210,tjsp
211,tjsp
212,tjsp
213,tjsp
214,tjsp
215,tjsp
216,tjsp
218,tjsp
221,tjsp
224,tjsp
228,tjsp
229,tjsp
230,tjsp
231,tjsp
232,tjsp
233,tjsp
234,tjsp
236,tjsp
237,tjsp
238,tjsp
239,tjsp
240,tjsp
241,tjsp
242,tjsp
244,tjsp
251,tjsp
256,tjsp
257,tjsp
258,tjsp
261,tjsp
264,tjsp
268,tjsp
269,tjsp
270,tjsp
271,tjsp
272,tjsp
273,tjsp
274,tjsp
275,tjsp
276,tjsp
277,tjsp
278,tjsp
279,tjsp
280,tjsp
281,tjsp
282,tjsp
283,tjsp
284,tjsp
285,tjsp
287,tjsp
288,tjsp
289,tjsp
290,tjsp
291,tjsp
292,tjsp
293,tjsp
294,tjsp
295,tjsp
297,tjsp
299,tjsp
300,tjsp
302,tjsp
303,tjsp
304,tjsp
305,tjsp
306,tjsp
307,tjsp
308,tjsp
309,tjsp
310,tjsp
311,tjsp
312,tjsp
313,tjsp
314,tjsp
315,tjsp
316,tjsp
317,tjsp
318,tjsp
319,tjsp
320,tjsp
321,tjsp
322,tjsp
323,tjsp
324,tjsp
325,tjsp
326,tjsp
327,tjsp
328,tjsp
329,tjsp
330,tjsp
331,tjsp
332,tjsp
333,tjsp
334,tjsp
335,tjsp
355,tjsp
375,tjsp
385,tjsp
386,tjsp
406,tjsp
407,tjsp
408,tjsp
409,tjsp
410,tjsp
411,tjsp
412,tjsp
413,tjsp
416,tjsp
417,tjsp
418,tjsp
419,tjsp
420,tjsp
421,tjsp
422,tjsp
424,tjsp
425,tjsp
426,tjsp
427,tjsp
428,tjsp
432,tjsp
433,tjsp
436,tjsp
457,tjsp
460,tjsp
547,tjsp
976,tjsp
980,tjsp
985,tjsp
986,tjsp
987,tjsp
988,tjsp
990,tjsp
991,tjsp
992,tjsp
993,tjsp
994,tjsp
1000,tjsp
1001,tjsp
1002,tjsp
1003,tjsp
1004,tjsp
1005,tjsp
1006,tjsp
1007,tjsp
1008,tjsp
1009,tjsp
1013,tjsp
1015,tjsp
1016,tjsp
1017,tjsp
1018,tjsp
1019,tjsp
1020,tjsp
1021,tjsp
1022,tjsp
1023,tjsp
1024,tjsp
1025,tjsp
1026,tjsp
1027,tjsp
1028,tjsp
1029,tjsp
1030,tjsp
1031,tjsp
1032,tjsp
1033,tjsp
1034,tjsp
1035,tjsp
1036,tjsp
1037,tjsp
1038,tjsp
1040,tjsp
1042,tjsp
1044,tjsp
1045,tjsp
1046,tjsp
1047,tjsp
1049,tjsp
1053,tjsp
1054,tjsp
1057,tjsp
1062,tjsp
1063,tjsp
1064,tjsp
1066,tjsp
1067,tjsp
1068,tjsp
1070,tjsp
1071,tjsp
1072,tjsp
1106,tjsp
1107,tjsp
1111,tjsp
1112,tjsp
1114,tjsp
1116,tjsp
1117,tjsp
1118,tjsp
1122,tjsp
1124,tjsp
1125,tjsp
1126,tjsp
1137,tjsp
1145,tjsp
1178,tjsp
1198,tjsp
1199,tjsp
1202,tjsp
1208,tjsp
1209,tjsp
1230,tjsp
1231,tjsp
1232,tjsp
1233,tjsp
1262,tjsp
1264,tjsp
1265,tjsp
1266,tjsp
1267,tjsp
1268,tjsp
1269,tjsp
1271,tjsp
1283,tjsp
1284,tjsp
1285,tjsp
1288,tjsp
1289,tjsp
1291,tjsp
1294,tjsp
1295,tjsp
1296,tjsp
1297,tjsp
1298,tjsp
1299,tjsp
1301,tjsp
1303,tjsp
1304,tjsp
1306,tjsp
1307,tjsp
1308,tjsp
1310,tjsp
1311,tjsp
1312,tjsp
1313,tjsp
1314,tjsp
1315,tjsp
1316,tjsp
1317,tjsp
1318,tjsp
1319,tjsp
1320,tjsp
1321,tjsp
1322,tjsp
1323,tjsp
1324,tjsp
1325,tjsp
1326,tjsp
1327,tjsp
1328,tjsp
1329,tjsp
1330,tjsp
1331,tjsp
1332,tjsp
1333,tjsp
1334,tjsp
1335,tjsp
1336,tjsp
1337,tjsp
1338,tjsp
1339,tjsp
1340,tjsp
1341,tjsp
1342,tjsp
1343,tjsp
1344,tjsp
1345,tjsp
1346,tjsp
1347,tjsp
1348,tjsp
1349,tjsp
1350,tjsp
1351,tjsp
1352,tjsp
1353,tjsp
1354,tjsp
1355,tjsp
1356,tjsp
1357,tjsp
1358,tjsp
1359,tjsp
1360,tjsp
1361,tjsp
1362,tjsp
1363,tjsp
1364,tjsp
1365,tjsp
1366,tjsp
1367,tjsp
1368,tjsp
1369,tjsp
1370,tjsp
1371,tjsp
1372,tjsp
1373,tjsp
1374,tjsp
1375,tjsp
1376,tjsp
1377,tjsp
1378,tjsp
1379,tjsp
1380,tjsp
1381,tjsp
1382,tjsp
1383,tjsp
1384,tjsp
1385,tjsp
1386,tjsp
1389,tjsp
1390,tjsp
1391,tjsp
1392,tjsp
1396,tjsp
1399,tjsp
1401,tjsp
1412,tjsp
1414,tjsp
1415,tjsp
1417,tjsp
1420,tjsp
1424,tjsp
1425,tjsp
1426,tjsp
1430,tjsp
1432,tjsp
1434,tjsp
1435,tjsp
1436,tjsp
1438,tjsp
1440,tjsp
1450,tjsp
1451,tjsp
1455,tjsp
1459,tjsp
1460,tjsp
1461,tjsp
1462,tjsp
1463,tjsp
1464,tjsp
1465,tjsp
1466,tjsp
1467,tjsp
1468,tjsp
1469,tjsp
1470,tjsp
1471,tjsp
1472,tjsp
1473,tjsp
1474,tjsp
1478,tjsp
1669,tjsp
1670,tjsp
1671,tjsp
1672,tjsp
1673,tjsp
1674,tjsp
1675,tjsp
1677,tjsp
1678,tjsp
1679,tjsp
1680,tjsp
1682,tjsp
1683,tjsp
1685,tjsp
1689,tjsp
1690,tjsp
1691,tjsp
1701,tjsp
1702,tjsp
1703,tjsp
1704,tjsp
1705,tjsp
1706,tjsp
1707,tjsp
1709,tjsp
1710,tjsp
1711,tjsp
1712,tjsp
1714,tjsp
1715,tjsp
1717,tjsp
1719,tjsp
1720,tjsp
1721,tjsp
1722,tjsp
1723,tjsp
1725,tjsp
1726,tjsp
1727,tjsp
1728,tjsp
1729,tjsp
1730,tjsp
1731,tjsp
1733,tjsp
10933,tjsp
10942,tjsp
10943,tjsp
10944,tjsp
10960,tjsp
10967,tjsp
10969,tjsp
10970,tjsp
10971,tjsp
10972,tjsp
10973,tjsp
10974,tjsp
10975,tjsp
10976,tjsp
10977,tjsp
10979,tjsp
10980,tjsp
10981,tjsp
11026,tjsp
11027,tjsp
11028,tjsp
11029,tjsp
11030,tjsp
11031,tjsp
11032,tjsp
11033,tjsp
11034,tjsp
11035,tjsp
11036,tjsp
11037,tjsp
11038,tjsp
11039,tjsp
11040,tjsp
11041,tjsp
11042,tjsp
11043,tjsp
11044,tjsp
11045,tjsp
11046,tjsp
11099,tjsp
11397,tjsp
11398,tjsp
11399,tjsp
11400,tjsp
11427,tjsp
11525,tjsp
11526,tjsp
11527,tjsp
11528,tjsp
11529,tjsp
11530,tjsp
11531,tjsp
11532,tjsp
11533,tjsp
11534,tjsp
11535,tjsp
11536,tjsp
11537,tjsp
11538,tjsp
11539,tjsp
11540,tjsp
11541,tjsp
11542,tjsp
11543,tjsp
11544,tjsp
11545,tjsp
11546,tjsp
11547,tjsp
11548,tjsp
11549,tjsp
11550,tjsp
11551,tjsp
11552,tjsp
11553,tjsp
11555,tjsp
11556,tjsp
11787,tjsp
11788,tjsp
11789,tjsp
11790,tjsp
11791,tjsp
11793,tjsp
11794,tjsp
11798,tjsp
11799,tjsp
11800,tjsp
11875,tjsp
11880,tjsp
11881,tjsp
11882,tjsp
11886,tjsp
11887,tjsp
11888,tjsp
11889,tjsp
11890,tjsp
11891,tjsp
11892,tjsp
11893,tjsp
11894,tjsp
11953,tjsp
11955,tjsp
11956,tjsp
11957,tjsp
11976,tjsp
12057,tjsp
12058,tjsp
12059,tjsp
12060,tjsp
12061,tjsp
12070,tjsp
12071,tjsp
12072,tjsp
12073,tjsp
12074,tjsp
12075,tjsp
12076,tjsp
12077,tjsp
12078,tjsp
12079,tjsp
12080,tjsp
12081,tjsp
12082,tjsp
12083,tjsp
12084,tjsp
12085,tjsp
12086,tjsp
12087,tjsp
12088,tjsp
12089,tjsp
12117,tjsp
12118,tjsp
12119,tjsp
12120,tjsp
12121,tjsp
12122,tjsp
12123,tjsp
12124,tjsp
12125,tjsp
12126,tjsp
12127,tjsp
12128,tjsp
12129,tjsp
12132,tjsp
12133,tjsp
12134,tjsp
12135,tjsp
12136,tjsp
12137,tjsp
12138,tjsp
12139,tjsp
12153,tjsp
12154,tjsp
12190,tjsp
12191,tjsp
12192,tjsp
12193,tjsp
12226,tjsp
12227,tjsp
12228,tjsp
12229,tjsp
12230,tjsp
12231,tjsp
12232,tjsp
12233,tjsp
12234,tjsp
12246,tjsp
12247,tjsp
12248,tjsp
12249,tjsp
12250,tjsp
12251,tjsp
12357,tjsp
12369,tjsp
12370,tjsp
12371,tjsp
12372,tjsp
12373,tjsp
12374,tjsp
12375,tjsp
12376,tjsp
12377,tjsp
12386,tjsp
12388,tjsp
12389,tjsp
12390,tjsp
12391,tjsp
12394,tjsp
12423,tjsp
12424,tjsp
12464,tjsp
12465,tjsp
12466,tjsp
12541,tjsp
12549,tjsp
12550,tjsp
12551,tjsp
12552,tjsp
12553,tjsp
12554,tjsp
12555,tjsp
12556,tjsp
12557,tjsp
12558,tjsp
12559,tjsp
12560,tjsp
12561,tjsp
12562,tjsp
12613,tjsp
12625,tjsp
12626,tjsp
12627,tjsp
12628,tjsp
12629,tjsp
12630,tjsp
12631,tjsp
12632,tjsp
12633,tjsp
12727,tjsp
12728,tjsp
12729,tjsp
12760,tjsp
12761,tjsp
12762,tjsp
12763,tjsp
12764,tjsp
12775,tjsp
12776,tjsp
12777,tjsp
12778,tjsp
12779,tjsp
12780,tjsp
12781,tjsp
12782,tjsp
12783,tjsp
12784,tjsp
12785,tjsp
12786,tjsp
12787,tjsp
12788,tjsp
12789,tjsp
12790,tjsp
12791,tjsp
14,tjsp
864,tjsp
899,tjsp
1146,tjsp
1156,tjsp
1654,tjsp
1658,tjsp
1661,tjsp
1663,tjsp
1666,tjsp
1681,tjsp
1695,tjsp
1697,tjsp
1724,tjsp
1767,tjsp
1773,tjsp
1783,tjsp
1789,tjsp
1806,tjsp
1807,tjsp
1814,tjsp
1816,tjsp
1822,tjsp
1844,tjsp
1849,tjsp
1855,tjsp
1888,tjsp
1904,tjsp
1907,tjsp
1920,tjsp
1929,tjsp
1932,tjsp
1937,tjsp
1957,tjsp
1965,tjsp
1966,tjsp
1976,tjsp
1977,tjsp
1978,tjsp
1981,tjsp
1998,tjsp
2019,tjsp
2021,tjsp
2029,tjsp
2031,tjsp
2033,tjsp
2037,tjsp
2055,tjsp
2086,tjsp
2116,tjsp
2117,tjsp
2133,tjsp
2135,tjsp
2139,tjsp
2140,tjsp
2141,tjsp
2210,tjsp
2212,tjsp
2215,tjsp
2233,tjsp
2243,tjsp
2266,tjsp
2273,tjsp
2275,tjsp
2331,tjsp
2349,tjsp
2364,tjsp
2409,tjsp
2421,tjsp
2426,tjsp
2435,tjsp
2445,tjsp
2449,tjsp
2450,tjsp
2452,tjsp
2458,tjsp
2461,tjsp
2463,tjsp
2466,tjsp
2468,tjsp
2477,tjsp
2478,tjsp
2479,tjsp
2480,tjsp
2493,tjsp
2506,tjsp
2523,tjsp
2537,tjsp
2540,tjsp
2546,tjsp
2554,tjsp
2557,tjsp
2558,tjsp
2559,tjsp
2567,tjsp
2569,tjsp
2581,tjsp
2583,tjsp
2594,tjsp
2604,tjsp
2606,tjsp
2620,tjsp
2622,tjsp
2624,tjsp
2641,tjsp
2656,tjsp
2657,tjsp
2661,tjsp
2662,tjsp
2663,tjsp
2666,tjsp
2670,tjsp
2697,tjsp
2704,tjsp
3369,tjsp
3370,tjsp
3371,tjsp
3372,tjsp
3373,tjsp
3375,tjsp
3385,tjsp
3386,tjsp
3387,tjsp
3388,tjsp
3389,tjsp
3390,tjsp
3391,tjsp
3392,tjsp
3393,tjsp
3394,tjsp
3395,tjsp
3396,tjsp
3397,tjsp
3400,tjsp
3401,tjsp
3402,tjsp
3403,tjsp
3404,tjsp
3405,tjsp
3406,tjsp
3407,tjsp
3408,tjsp
3409,tjsp
3410,tjsp
3411,tjsp
3412,tjsp
3413,tjsp
3414,tjsp
3415,tjsp
3416,tjsp
3417,tjsp
3418,tjsp
3419,tjsp
3420,tjsp
3421,tjsp
3422,tjsp
3423,tjsp
3424,tjsp
3425,tjsp
3426,tjsp
3427,tjsp
3428,tjsp
3429,tjsp
3430,tjsp
3431,tjsp
3432,tjsp
3433,tjsp
3434,tjsp
3435,tjsp
3436,tjsp
3437,tjsp
3438,tjsp
3442,tjsp
3443,tjsp
3445,tjsp
3446,tjsp
3447,tjsp
3448,tjsp
3449,tjsp
3450,tjsp
3451,tjsp
3452,tjsp
3453,tjsp
3454,tjsp
3455,tjsp
3456,tjsp
3457,tjsp
3458,tjsp
3459,tjsp
3460,tjsp
3461,tjsp
3462,tjsp
3463,tjsp
3465,tjsp
3466,tjsp
3467,tjsp
3468,tjsp
3469,tjsp
3471,tjsp
3472,tjsp
3473,tjsp
3474,tjsp
3475,tjsp
3476,tjsp
3477,tjsp
3479,tjsp
3480,tjsp
3481,tjsp
3482,tjsp
3483,tjsp
3484,tjsp
3485,tjsp
3486,tjsp
3487,tjsp
3488,tjsp
3489,tjsp
3490,tjsp
3491,tjsp
3492,tjsp
3493,tjsp
3494,tjsp
3495,tjsp
3496,tjsp
3497,tjsp
3498,tjsp
3500,tjsp
3501,tjsp
3502,tjsp
3503,tjsp
3504,tjsp
3505,tjsp
3506,tjsp
3507,tjsp
3508,tjsp
3509,tjsp
3510,tjsp
3511,tjsp
3512,tjsp
3513,tjsp
3514,tjsp
3515,tjsp
3516,tjsp
3517,tjsp
3519,tjsp
3520,tjsp
3521,tjsp
3523,tjsp
3524,tjsp
3527,tjsp
3528,tjsp
3529,tjsp
3530,tjsp
3531,tjsp
3532,tjsp
3533,tjsp
3534,tjsp
3535,tjsp
3536,tjsp
3537,tjsp
3538,tjsp
3539,tjsp
3540,tjsp
3541,tjsp
3542,tjsp
3543,tjsp
3545,tjsp
3546,tjsp
3547,tjsp
3548,tjsp
3550,tjsp
3551,tjsp
3552,tjsp
3553,tjsp
3554,tjsp
3555,tjsp
3556,tjsp
3557,tjsp
3558,tjsp
3559,tjsp
3560,tjsp
3561,tjsp
3562,tjsp
3563,tjsp
3564,tjsp
3565,tjsp
3566,tjsp
3567,tjsp
3568,tjsp
3569,tjsp
3570,tjsp
3571,tjsp
3572,tjsp
3573,tjsp
3574,tjsp
3575,tjsp
3576,tjsp
3577,tjsp
3578,tjsp
3579,tjsp
3580,tjsp
3581,tjsp
3582,tjsp
3583,tjsp
3584,tjsp
3585,tjsp
3586,tjsp
3587,tjsp
3588,tjsp
3589,tjsp
3590,tjsp
3591,tjsp
3592,tjsp
3593,tjsp
3594,tjsp
3595,tjsp
3596,tjsp
3597,tjsp
3598,tjsp
3603,tjsp
3604,tjsp
3605,tjsp
3606,tjsp
3607,tjsp
3608,tjsp
3609,tjsp
3610,tjsp
3611,tjsp
3612,tjsp
3613,tjsp
3614,tjsp
3615,tjsp
3616,tjsp
3617,tjsp
3618,tjsp
3619,tjsp
3620,tjsp
3621,tjsp
3622,tjsp
3623,tjsp
3624,tjsp
3626,tjsp
3627,tjsp
3628,tjsp
3629,tjsp
3630,tjsp
3631,tjsp
3632,tjsp
3633,tjsp
3634,tjsp
3637,tjsp
3638,tjsp
3640,tjsp
3641,tjsp
3642,tjsp
3643,tjsp
3647,tjsp
3650,tjsp
3651,tjsp
3653,tjsp
3654,tjsp
3655,tjsp
3656,tjsp
3659,tjsp
3660,tjsp
3661,tjsp
3664,tjsp
3692,tjsp
4263,tjsp
4264,tjsp
4271,tjsp
4272,tjsp
4291,tjsp
4305,tjsp
4310,tjsp
4355,tjsp
4368,tjsp
4370,tjsp
4371,tjsp
4435,tjsp
4437,tjsp
4438,tjsp
4442,tjsp
4452,tjsp
4654,tjsp
4656,tjsp
4660,tjsp
4670,tjsp
4680,tjsp
4701,tjsp
4703,tjsp
4706,tjsp
4718,tjsp
4728,tjsp
4794,tjsp
4805,tjsp
4813,tjsp
4829,tjsp
4830,tjsp
4831,tjsp
4832,tjsp
4839,tjsp
4840,tjsp
4841,tjsp
4842,tjsp
4843,tjsp
4846,tjsp
4847,tjsp
4854,tjsp
4862,tjsp
4897,tjsp
4899,tjsp
4902,tjsp
4904,tjsp
4905,tjsp
4907,tjsp
4909,tjsp
4910,tjsp
4933,tjsp
4934,tjsp
4935,tjsp
4939,tjsp
4940,tjsp
4942,tjsp
4943,tjsp
4949,tjsp
4951,tjsp
4957,tjsp
4960,tjsp
4961,tjsp
4962,tjsp
4963,tjsp
4964,tjsp
4968,tjsp
4969,tjsp
4970,tjsp
4971,tjsp
4972,tjsp
4973,tjsp
4974,tjsp
4975,tjsp
4976,tjsp
4980,tjsp
4981,tjsp
4993,tjsp
4994,tjsp
4998,tjsp
5000,tjsp
5001,tjsp
5003,tjsp
5009,tjsp
5010,tjsp
5193,tjsp
5194,tjsp
5196,tjsp
5269,tjsp
5272,tjsp
5273,tjsp
5274,tjsp
5276,tjsp
5277,tjsp
5278,tjsp
5279,tjsp
5280,tjsp
5281,tjsp
5282,tjsp
5284,tjsp
5286,tjsp
5287,tjsp
5288,tjsp
5289,tjsp
5290,tjsp
5291,tjsp
5292,tjsp
5293,tjsp
5294,tjsp
5295,tjsp
5296,tjsp
5297,tjsp
5299,tjsp
5301,tjsp
5352,tjsp
5354,tjsp
5356,tjsp
5555,tjsp
5556,tjsp
5557,tjsp
5558,tjsp
5560,tjsp
5564,tjsp
5565,tjsp
5566,tjsp
5567,tjsp
5568,tjsp
5569,tjsp
5570,tjsp
5571,tjsp
5572,tjsp
5573,tjsp
5575,tjsp
5577,tjsp
5585,tjsp
5589,tjsp
5591,tjsp
5592,tjsp
5595,tjsp
5603,tjsp
5609,tjsp
5612,tjsp
5621,tjsp
5622,tjsp
5623,tjsp
5624,tjsp
5626,tjsp
5632,tjsp
5680,tjsp
5724,tjsp
5754,tjsp
5779,tjsp
5787,tjsp
5788,tjsp
5801,tjsp
5802,tjsp
5804,tjsp
5805,tjsp
5808,tjsp
5813,tjsp
5825,tjsp
5829,tjsp
5831,tjsp
5832,tjsp
5833,tjsp
5834,tjsp
5835,tjsp
5836,tjsp
5837,tjsp
5838,tjsp
5839,tjsp
5840,tjsp
5841,tjsp
5842,tjsp
5843,tjsp
5844,tjsp
5845,tjsp
5846,tjsp
5847,tjsp
5850,tjsp
5851,tjsp
5852,tjsp
5853,tjsp
5854,tjsp
5855,tjsp
5856,tjsp
5862,tjsp
5865,tjsp
5866,tjsp
5867,tjsp
5869,tjsp
5870,tjsp
5872,tjsp
5873,tjsp
5874,tjsp
5875,tjsp
5876,tjsp
5877,tjsp
5878,tjsp
5879,tjsp
5880,tjsp
5881,tjsp
5882,tjsp
5883,tjsp
5885,tjsp
5893,tjsp
5894,tjsp
5895,tjsp
5896,tjsp
5897,tjsp
5898,tjsp
5899,tjsp
5900,tjsp
5901,tjsp
5903,tjsp
5904,tjsp
5905,tjsp
5906,tjsp
5907,tjsp
5908,tjsp
5909,tjsp
5910,tjsp
5911,tjsp
5913,tjsp
5914,tjsp
5915,tjsp
5916,tjsp
5917,tjsp
5918,tjsp
5919,tjsp
5920,tjsp
5921,tjsp
5922,tjsp
5923,tjsp
5924,tjsp
5925,tjsp
5926,tjsp
5927,tjsp
5928,tjsp
5929,tjsp
5930,tjsp
5931,tjsp
5932,tjsp
5933,tjsp
5934,tjsp
5935,tjsp
5936,tjsp
5937,tjsp
5938,tjsp
5939,tjsp
5940,tjsp
5941,tjsp
5942,tjsp
5943,tjsp
5944,tjsp
5945,tjsp
5946,tjsp
5947,tjsp
5948,tjsp
5949,tjsp
5950,tjsp
5951,tjsp
5952,tjsp
5953,tjsp
5954,tjsp
5955,tjsp
5956,tjsp
5957,tjsp
5958,tjsp
5959,tjsp
5960,tjsp
5961,tjsp
5962,tjsp
5963,tjsp
5964,tjsp
5965,tjsp
5966,tjsp
5967,tjsp
5968,tjsp
5969,tjsp
5970,tjsp
5971,tjsp
5972,tjsp
5973,tjsp
5974,tjsp
5975,tjsp
5976,tjsp
5977,tjsp
5978,tjsp
5979,tjsp
5980,tjsp
5981,tjsp
5982,tjsp
5983,tjsp
5984,tjsp
5985,tjsp
5986,tjsp
5987,tjsp
5988,tjsp
5989,tjsp
5990,tjsp
5991,tjsp
5992,tjsp
5993,tjsp
5994,tjsp
5995,tjsp
5996,tjsp
5997,tjsp
5998,tjsp
5999,tjsp
6000,tjsp
6001,tjsp
6002,tjsp
6003,tjsp
6004,tjsp
6005,tjsp
6006,tjsp
6007,tjsp
6008,tjsp
6009,tjsp
6010,tjsp
6011,tjsp
6012,tjsp
6013,tjsp
6014,tjsp
6015,tjsp
6016,tjsp
6017,tjsp
6018,tjsp
6019,tjsp
6020,tjsp
6021,tjsp
6022,tjsp
6023,tjsp
6024,tjsp
6025,tjsp
6026,tjsp
6027,tjsp
6028,tjsp
6029,tjsp
6030,tjsp
6031,tjsp
6032,tjsp
6033,tjsp
6034,tjsp
6035,tjsp
6036,tjsp
6037,tjsp
6038,tjsp
6039,tjsp
6040,tjsp
6041,tjsp
6042,tjsp
6043,tjsp
6044,tjsp
6045,tjsp
6046,tjsp
6047,tjsp
6048,tjsp
6049,tjsp
6050,tjsp
6051,tjsp
6052,tjsp
6053,tjsp
6054,tjsp
6055,tjsp
6056,tjsp
6057,tjsp
6058,tjsp
6059,tjsp
6060,tjsp
6061,tjsp
6062,tjsp
6063,tjsp
6064,tjsp
6065,tjsp
6066,tjsp
6067,tjsp
6068,tjsp
6069,tjsp
6070,tjsp
6071,tjsp
6072,tjsp
6073,tjsp
6074,tjsp
6075,tjsp
6076,tjsp
6077,tjsp
6078,tjsp
6079,tjsp
6080,tjsp
6081,tjsp
6082,tjsp
6083,tjsp
6084,tjsp
6085,tjsp
6086,tjsp
6087,tjsp
6088,tjsp
6089,tjsp
6090,tjsp
6091,tjsp
6092,tjsp
6093,tjsp
6094,tjsp
6095,tjsp
6096,tjsp
6097,tjsp
6098,tjsp
6099,tjsp
6100,tjsp
6101,tjsp
6102,tjsp
6103,tjsp
6104,tjsp
6105,tjsp
6106,tjsp
6107,tjsp
6108,tjsp
6109,tjsp
6110,tjsp
6111,tjsp
6112,tjsp
6113,tjsp
6114,tjsp
6115,tjsp
6116,tjsp
6117,tjsp
6118,tjsp
6119,tjsp
6120,tjsp
6121,tjsp
6122,tjsp
6123,tjsp
6124,tjsp
6125,tjsp
6126,tjsp
6127,tjsp
6128,tjsp
6129,tjsp
6130,tjsp
6131,tjsp
6132,tjsp
6133,tjsp
6134,tjsp
6135,tjsp
6136,tjsp
6137,tjsp
6138,tjsp
6139,tjsp
6140,tjsp
6141,tjsp
6142,tjsp
6143,tjsp
6144,tjsp
6145,tjsp
6146,tjsp
6147,tjsp
6148,tjsp
6149,tjsp
6150,tjsp
6151,tjsp
6152,tjsp
6153,tjsp
6154,tjsp
6155,tjsp
6156,tjsp
6157,tjsp
6158,tjsp
6159,tjsp
6160,tjsp
6161,tjsp
6162,tjsp
6164,tjsp
6165,tjsp
6166,tjsp
6167,tjsp
6168,tjsp
6169,tjsp
6170,tjsp
6171,tjsp
6172,tjsp
6173,tjsp
6174,tjsp
6175,tjsp
6176,tjsp
6177,tjsp
6178,tjsp
6179,tjsp
6181,tjsp
6182,tjsp
6183,tjsp
6184,tjsp
6185,tjsp
6186,tjsp
6187,tjsp
6188,tjsp
6189,tjsp
6190,tjsp
6191,tjsp
6192,tjsp
6193,tjsp
6194,tjsp
6195,tjsp
6196,tjsp
6197,tjsp
6198,tjsp
6199,tjsp
6200,tjsp
6201,tjsp
6202,tjsp
6203,tjsp
6206,tjsp
6207,tjsp
6212,tjsp
6213,tjsp
6214,tjsp
6215,tjsp
6216,tjsp
6217,tjsp
6218,tjsp
6219,tjsp
6220,tjsp
6226,tjsp
6233,tjsp
6238,tjsp
6239,tjsp
7617,tjsp
7618,tjsp
7619,tjsp
7620,tjsp
7621,tjsp
7626,tjsp
7627,tjsp
7628,tjsp
7629,tjsp
7630,tjsp
7631,tjsp
7632,tjsp
7633,tjsp
7639,tjsp
7640,tjsp
7641,tjsp
7644,tjsp
7645,tjsp
7646,tjsp
7647,tjsp
7649,tjsp
7656,tjsp
7657,tjsp
7659,tjsp
7660,tjsp
7661,tjsp
7664,tjsp
7667,tjsp
7671,tjsp
7672,tjsp
7673,tjsp
7676,tjsp
7677,tjsp
7681,tjsp
7687,tjsp
7688,tjsp
7689,tjsp
7690,tjsp
7691,tjsp
7694,tjsp
7696,tjsp
7697,tjsp
7698,tjsp
7699,tjsp
7700,tjsp
7701,tjsp
7703,tjsp
7704,tjsp
7705,tjsp
7706,tjsp
7707,tjsp
7708,tjsp
7709,tjsp
7710,tjsp
7711,tjsp
7712,tjsp
7713,tjsp
7714,tjsp
7715,tjsp
7717,tjsp
7724,tjsp
7725,tjsp
7729,tjsp
7732,tjsp
7735,tjsp
7737,tjsp
7748,tjsp
7752,tjsp
7757,tjsp
7760,tjsp
7761,tjsp
7767,tjsp
7768,tjsp
7769,tjsp
7770,tjsp
7771,tjsp
7772,tjsp
7773,tjsp
7774,tjsp
7775,tjsp
7776,tjsp
7779,tjsp
7780,tjsp
7781,tjsp
7783,tjsp
7784,tjsp
7785,tjsp
7786,tjsp
7787,tjsp
7788,tjsp
7789,tjsp
7790,tjsp
7791,tjsp
7792,tjsp
7793,tjsp
7794,tjsp
7795,tjsp
7797,tjsp
7798,tjsp
7799,tjsp
7834,tjsp
7835,tjsp
7895,tjsp
7896,tjsp
7897,tjsp
7898,tjsp
7899,tjsp
7911,tjsp
7912,tjsp
7925,tjsp
7926,tjsp
7928,tjsp
7929,tjsp
7935,tjsp
7937,tjsp
7940,tjsp
7941,tjsp
7942,tjsp
7945,tjsp
7947,tjsp
7949,tjsp
7952,tjsp
7953,tjsp
8805,tjsp
8806,tjsp
8807,tjsp
8808,tjsp
8809,tjsp
8810,tjsp
8812,tjsp
8813,tjsp
8816,tjsp
8817,tjsp
8818,tjsp
8820,tjsp
8821,tjsp
8822,tjsp
8823,tjsp
8824,tjsp
8826,tjsp
8828,tjsp
8829,tjsp
8838,tjsp
8842,tjsp
8843,tjsp
8859,tjsp
8865,tjsp
8866,tjsp
8867,tjsp
8868,tjsp
8873,tjsp
8874,tjsp
8875,tjsp
8883,tjsp
8884,tjsp
8888,tjsp
8893,tjsp
8919,tjsp
8928,tjsp
8934,tjsp
8938,tjsp
8939,tjsp
8941,tjsp
8942,tjsp
8960,tjsp
8961,tjsp
8986,tjsp
8990,tjsp
9024,tjsp
9026,tjsp
9045,tjsp
9047,tjsp
9050,tjsp
9051,tjsp
9060,tjsp
9098,tjsp
9148,tjsp
9149,tjsp
9160,tjsp
9163,tjsp
9166,tjsp
9178,tjsp
9180,tjsp
9189,tjsp
9192,tjsp
9196,tjsp
9258,tjsp
9414,tjsp
9418,tjsp
9419,tjsp
9450,tjsp
9453,tjsp
9484,tjsp
9487,tjsp
9493,tjsp
9494,tjsp
9517,tjsp
9518,tjsp
9519,tjsp
9520,tjsp
9524,tjsp
9532,tjsp
9533,tjsp
9534,tjsp
9535,tjsp
9536,tjsp
9537,tjsp
9538,tjsp
9539,tjsp
9541,tjsp
9542,tjsp
9543,tjsp
9545,tjsp
9546,tjsp
9547,tjsp
9549,tjsp
9550,tjsp
9551,tjsp
9555,tjsp
9556,tjsp
9558,tjsp
9559,tjsp
9565,tjsp
9575,tjsp
9580,tjsp
9581,tjsp
9582,tjsp
9583,tjsp
9584,tjsp
9585,tjsp
9586,tjsp
9587,tjsp
9588,tjsp
9589,tjsp
9590,tjsp
9591,tjsp
9592,tjsp
9593,tjsp
9594,tjsp
9595,tjsp
9596,tjsp
9597,tjsp
9598,tjsp
9599,tjsp
9600,tjsp
9601,tjsp
9602,tjsp
9603,tjsp
9604,tjsp
9605,tjsp
9606,tjsp
9607,tjsp
9608,tjsp
9609,tjsp
9610,tjsp
9611,tjsp
9612,tjsp
9614,tjsp
9615,tjsp
9616,tjsp
9617,tjsp
9618,tjsp
9619,tjsp
9620,tjsp
9621,tjsp
9622,tjsp
9623,tjsp
9624,tjsp
9625,tjsp
9626,tjsp
9627,tjsp
9629,tjsp
9633,tjsp
9634,tjsp
9635,tjsp
9636,tjsp
9637,tjsp
9638,tjsp
9639,tjsp
9640,tjsp
9641,tjsp
9642,tjsp
9643,tjsp
9644,tjsp
9645,tjsp
9646,tjsp
9647,tjsp
9648,tjsp
9649,tjsp
9650,tjsp
9651,tjsp
9652,tjsp
9653,tjsp
9654,tjsp
9655,tjsp
9656,tjsp
9657,tjsp
9658,tjsp
9659,tjsp
9660,tjsp
9661,tjsp
9662,tjsp
9663,tjsp
9664,tjsp
9665,tjsp
9666,tjsp
9667,tjsp
9668,tjsp
9669,tjsp
9670,tjsp
9671,tjsp
9672,tjsp
9673,tjsp
9674,tjsp
9675,tjsp
9676,tjsp
9677,tjsp
9678,tjsp
9679,tjsp
9680,tjsp
9681,tjsp
9682,tjsp
9683,tjsp
9684,tjsp
9685,tjsp
9686,tjsp
9687,tjsp
9688,tjsp
9689,tjsp
9690,tjsp
9691,tjsp
9692,tjsp
9693,tjsp
9694,tjsp
9695,tjsp
9696,tjsp
9697,tjsp
9698,tjsp
9699,tjsp
9700,tjsp
9701,tjsp
9702,tjsp
9703,tjsp
9704,tjsp
9705,tjsp
9706,tjsp
9707,tjsp
9708,tjsp
9709,tjsp
9710,tjsp
9711,tjsp
9712,tjsp
9713,tjsp
9714,tjsp
9715,tjsp
9716,tjsp
9717,tjsp
9718,tjsp
9719,tjsp
9720,tjsp
9721,tjsp
9722,tjsp
9723,tjsp
9724,tjsp
9725,tjsp
9726,tjsp
9727,tjsp
9728,tjsp
9729,tjsp
9730,tjsp
9731,tjsp
9732,tjsp
9733,tjsp
9734,tjsp
9735,tjsp
9736,tjsp
9737,tjsp
9738,tjsp
9739,tjsp
9740,tjsp
9741,tjsp
9742,tjsp
9743,tjsp
9744,tjsp
9745,tjsp
9746,tjsp
9747,tjsp
9748,tjsp
9749,tjsp
9750,tjsp
9751,tjsp
9752,tjsp
9753,tjsp
9754,tjsp
9755,tjsp
9756,tjsp
9757,tjsp
9758,tjsp
9759,tjsp
9760,tjsp
9761,tjsp
9762,tjsp
9763,tjsp
9764,tjsp
9765,tjsp
9766,tjsp
9767,tjsp
9768,tjsp
9769,tjsp
9770,tjsp
9771,tjsp
9772,tjsp
9773,tjsp
9774,tjsp
9775,tjsp
9776,tjsp
9777,tjsp
9778,tjsp
9779,tjsp
9780,tjsp
9781,tjsp
9782,tjsp
9783,tjsp
9784,tjsp
9785,tjsp
9786,tjsp
9787,tjsp
9788,tjsp
9789,tjsp
9790,tjsp
9791,tjsp
9792,tjsp
9793,tjsp
9794,tjsp
9795,tjsp
9796,tjsp
9797,tjsp
9798,tjsp
9799,tjsp
9800,tjsp
9801,tjsp
9802,tjsp
9803,tjsp
9804,tjsp
9805,tjsp
9806,tjsp
9807,tjsp
9808,tjsp
9809,tjsp
9810,tjsp
9811,tjsp
9812,tjsp
9813,tjsp
9814,tjsp
9815,tjsp
9816,tjsp
9817,tjsp
9818,tjsp
9819,tjsp
9820,tjsp
9821,tjsp
9822,tjsp
9823,tjsp
9824,tjsp
9825,tjsp
9826,tjsp
9827,tjsp
9828,tjsp
9829,tjsp
9830,tjsp
9831,tjsp
9832,tjsp
9833,tjsp
9834,tjsp
9835,tjsp
9836,tjsp
9837,tjsp
9838,tjsp
9839,tjsp
9840,tjsp
9841,tjsp
9842,tjsp
9843,tjsp
9844,tjsp
9845,tjsp
9846,tjsp
9847,tjsp
9848,tjsp
9849,tjsp
9850,tjsp
9851,tjsp
9852,tjsp
9853,tjsp
9854,tjsp
9855,tjsp
9856,tjsp
9857,tjsp
9858,tjsp
9859,tjsp
9860,tjsp
9861,tjsp
9862,tjsp
9863,tjsp
9864,tjsp
9865,tjsp
9866,tjsp
9867,tjsp
9868,tjsp
9869,tjsp
9870,tjsp
9871,tjsp
9872,tjsp
9873,tjsp
9874,tjsp
9875,tjsp
9876,tjsp
9877,tjsp
9878,tjsp
9879,tjsp
9880,tjsp
9881,tjsp
9882,tjsp
9883,tjsp
9884,tjsp
9886,tjsp
9887,tjsp
9888,tjsp
9889,tjsp
9890,tjsp
9891,tjsp
9892,tjsp
9893,tjsp
9894,tjsp
9895,tjsp
9896,tjsp
9897,tjsp
9898,tjsp
9899,tjsp
9900,tjsp
9901,tjsp
9903,tjsp
9904,tjsp
9905,tjsp
9906,tjsp
9907,tjsp
9908,tjsp
9909,tjsp
9910,tjsp
9911,tjsp
9912,tjsp
9913,tjsp
9914,tjsp
9915,tjsp
9916,tjsp
9917,tjsp
9918,tjsp
9919,tjsp
9920,tjsp
9921,tjsp
9922,tjsp
9923,tjsp
9924,tjsp
9925,tjsp
9926,tjsp
9927,tjsp
9928,tjsp
9929,tjsp
9930,tjsp
9931,tjsp
9932,tjsp
9933,tjsp
9934,tjsp
9935,tjsp
9936,tjsp
9937,tjsp
9938,tjsp
9939,tjsp
9940,tjsp
9941,tjsp
9942,tjsp
9943,tjsp
9944,tjsp
9945,tjsp
9946,tjsp
9947,tjsp
9948,tjsp
9949,tjsp
9950,tjsp
9951,tjsp
9952,tjsp
9953,tjsp
9955,tjsp
9956,tjsp
9957,tjsp
9958,tjsp
9959,tjsp
9960,tjsp
9961,tjsp
9962,tjsp
9963,tjsp
9964,tjsp
9965,tjsp
9966,tjsp
9967,tjsp
9968,tjsp
9969,tjsp
9970,tjsp
9971,tjsp
9972,tjsp
9973,tjsp
9974,tjsp
9975,tjsp
9977,tjsp
9978,tjsp
9979,tjsp
9981,tjsp
9984,tjsp
9985,tjsp
9986,tjsp
9988,tjsp
9989,tjsp
9990,tjsp
9991,tjsp
9992,tjsp
9994,tjsp
9995,tjsp
9996,tjsp
9997,tjsp
9998,tjsp
9999,tjsp
10000,tjsp
10001,tjsp
10002,tjsp
10003,tjsp
10004,tjsp
10005,tjsp
10006,tjsp
10007,tjsp
10008,tjsp
10009,tjsp
10010,tjsp
10011,tjsp
10012,tjsp
10013,tjsp
10014,tjsp
10015,tjsp
10016,tjsp
10017,tjsp
10018,tjsp
10019,tjsp
10020,tjsp
10021,tjsp
10022,tjsp
10023,tjsp
10024,tjsp
10025,tjsp
10026,tjsp
10027,tjsp
10028,tjsp
10029,tjsp
10030,tjsp
10031,tjsp
10032,tjsp
10033,tjsp
10034,tjsp
10035,tjsp
10036,tjsp
10037,tjsp
10038,tjsp
10039,tjsp
10040,tjsp
10041,tjsp
10042,tjsp
10043,tjsp
10044,tjsp
10045,tjsp
10046,tjsp
10047,tjsp
10048,tjsp
10049,tjsp
10050,tjsp
10051,tjsp
10052,tjsp
10053,tjsp
10054,tjsp
10055,tjsp
10056,tjsp
10057,tjsp
10058,tjsp
10059,tjsp
10060,tjsp
10061,tjsp
10062,tjsp
10063,tjsp
10064,tjsp
10065,tjsp
10066,tjsp
10067,tjsp
10069,tjsp
10070,tjsp
10071,tjsp
10072,tjsp
10073,tjsp
10074,tjsp
10075,tjsp
10076,tjsp
10077,tjsp
10078,tjsp
10079,tjsp
10080,tjsp
10081,tjsp
10082,tjsp
10083,tjsp
10084,tjsp
10085,tjsp
10086,tjsp
10087,tjsp
10088,tjsp
10089,tjsp
10090,tjsp
10091,tjsp
10092,tjsp
10093,tjsp
10094,tjsp
10095,tjsp
10096,tjsp
10097,tjsp
10098,tjsp
10099,tjsp
10100,tjsp
10101,tjsp
10102,tjsp
10103,tjsp
10104,tjsp
10105,tjsp
10106,tjsp
10107,tjsp
10108,tjsp
10109,tjsp
10110,tjsp
10111,tjsp
10112,tjsp
10113,tjsp
10114,tjsp
10115,tjsp
10116,tjsp
10118,tjsp
10119,tjsp
10120,tjsp
10121,tjsp
10122,tjsp
10123,tjsp
10124,tjsp
10125,tjsp
10126,tjsp
10127,tjsp
10128,tjsp
10129,tjsp
10130,tjsp
10131,tjsp
10132,tjsp
10133,tjsp
10134,tjsp
10135,tjsp
10136,tjsp
10137,tjsp
10138,tjsp
10139,tjsp
10140,tjsp
10141,tjsp
10142,tjsp
10143,tjsp
10144,tjsp
10145,tjsp
10146,tjsp
10147,tjsp
10148,tjsp
10149,tjsp
10150,tjsp
10151,tjsp
10153,tjsp
10154,tjsp
10155,tjsp
10156,tjsp
10157,tjsp
10158,tjsp
10159,tjsp
10160,tjsp
10161,tjsp
10162,tjsp
10163,tjsp
10164,tjsp
10165,tjsp
10166,tjsp
10167,tjsp
10168,tjsp
10169,tjsp
10170,tjsp
10171,tjsp
10172,tjsp
10173,tjsp
10174,tjsp
10175,tjsp
10176,tjsp
10177,tjsp
10178,tjsp
10179,tjsp
10180,tjsp
10181,tjsp
10182,tjsp
10183,tjsp
10184,tjsp
10185,tjsp
10186,tjsp
10187,tjsp
10188,tjsp
10189,tjsp
10190,tjsp
10191,tjsp
10192,tjsp
10193,tjsp
10194,tjsp
10195,tjsp
10196,tjsp
10197,tjsp
10198,tjsp
10199,tjsp
10200,tjsp
10201,tjsp
10202,tjsp
10203,tjsp
10204,tjsp
10205,tjsp
10206,tjsp
10207,tjsp
10208,tjsp
10209,tjsp
10210,tjsp
10211,tjsp
10212,tjsp
10213,tjsp
10214,tjsp
10215,tjsp
10216,tjsp
10217,tjsp
10218,tjsp
10219,tjsp
10220,tjsp
10221,tjsp
10222,tjsp
10223,tjsp
10224,tjsp
10225,tjsp
10226,tjsp
10227,tjsp
10228,tjsp
10229,tjsp
10230,tjsp
10231,tjsp
10232,tjsp
10233,tjsp
10234,tjsp
10235,tjsp
10236,tjsp
10237,tjsp
10238,tjsp
10239,tjsp
10240,tjsp
10241,tjsp
10243,tjsp
10244,tjsp
10245,tjsp
10246,tjsp
10247,tjsp
10248,tjsp
10249,tjsp
10250,tjsp
10251,tjsp
10252,tjsp
10253,tjsp
10254,tjsp
10255,tjsp
10256,tjsp
10257,tjsp
10258,tjsp
10259,tjsp
10260,tjsp
10261,tjsp
10262,tjsp
10263,tjsp
10264,tjsp
10265,tjsp
10266,tjsp
10267,tjsp
10268,tjsp
10269,tjsp
10270,tjsp
10271,tjsp
10272,tjsp
10273,tjsp
10274,tjsp
10275,tjsp
10276,tjsp
10277,tjsp
10278,tjsp
10279,tjsp
10280,tjsp
10281,tjsp
10282,tjsp
10283,tjsp
10286,tjsp
10287,tjsp
10288,tjsp
10289,tjsp
10290,tjsp
10291,tjsp
10292,tjsp
10293,tjsp
10294,tjsp
10295,tjsp
10296,tjsp
10297,tjsp
10298,tjsp
10299,tjsp
10300,tjsp
10301,tjsp
10302,tjsp
10303,tjsp
10304,tjsp
10305,tjsp
10306,tjsp
10307,tjsp
10308,tjsp
10309,tjsp
10310,tjsp
10311,tjsp
10312,tjsp
10313,tjsp
10314,tjsp
10315,tjsp
10316,tjsp
10317,tjsp
10318,tjsp
10319,tjsp
10320,tjsp
10321,tjsp
10322,tjsp
10323,tjsp
10324,tjsp
10325,tjsp
10326,tjsp
10327,tjsp
10328,tjsp
10329,tjsp
10330,tjsp
10331,tjsp
10332,tjsp
10333,tjsp
10334,tjsp
10335,tjsp
10336,tjsp
10337,tjsp
10338,tjsp
10339,tjsp
10340,tjsp
10341,tjsp
10342,tjsp
10343,tjsp
10344,tjsp
10345,tjsp
10346,tjsp
10347,tjsp
10349,tjsp
10350,tjsp
10351,tjsp
10352,tjsp
10353,tjsp
10354,tjsp
10355,tjsp
10356,tjsp
10357,tjsp
10358,tjsp
10359,tjsp
10360,tjsp
10361,tjsp
10362,tjsp
10363,tjsp
10364,tjsp
10365,tjsp
10366,tjsp
10367,tjsp
10370,tjsp
10371,tjsp
10372,tjsp
10373,tjsp
10374,tjsp
10375,tjsp
10376,tjsp
10377,tjsp
10378,tjsp
10379,tjsp
10380,tjsp
10381,tjsp
10382,tjsp
10383,tjsp
10384,tjsp
10385,tjsp
10386,tjsp
10387,tjsp
10388,tjsp
10389,tjsp
10390,tjsp
10391,tjsp
10392,tjsp
10393,tjsp
10394,tjsp
10395,tjsp
10396,tjsp
10397,tjsp
10398,tjsp
10399,tjsp
10400,tjsp
10401,tjsp
10402,tjsp
10403,tjsp
10404,tjsp
10405,tjsp
10406,tjsp
10407,tjsp
10408,tjsp
10409,tjsp
10410,tjsp
10411,tjsp
10412,tjsp
10413,tjsp
10414,tjsp
10415,tjsp
10416,tjsp
10417,tjsp
10418,tjsp
10419,tjsp
10420,tjsp
10421,tjsp
10422,tjsp
10423,tjsp
10424,tjsp
10425,tjsp
10426,tjsp
10427,tjsp
10428,tjsp
10429,tjsp
10430,tjsp
10431,tjsp
10432,tjsp
10433,tjsp
10434,tjsp
10435,tjsp
10436,tjsp
10437,tjsp
10438,tjsp
10439,tjsp
10440,tjsp
10441,tjsp
10442,tjsp
10443,tjsp
10444,tjsp
10445,tjsp
10446,tjsp
10447,tjsp
10448,tjsp
10449,tjsp
10450,tjsp
10451,tjsp
10452,tjsp
10453,tjsp
10454,tjsp
10455,tjsp
10456,tjsp
10457,tjsp
10458,tjsp
10459,tjsp
10460,tjsp
10461,tjsp
10462,tjsp
10463,tjsp
10464,tjsp
10465,tjsp
10466,tjsp
10467,tjsp
10468,tjsp
10469,tjsp
10470,tjsp
10480,tjsp
10481,tjsp
10482,tjsp
10483,tjsp
10484,tjsp
10485,tjsp
10486,tjsp
10487,tjsp
10488,tjsp
10489,tjsp
10490,tjsp
10491,tjsp
10492,tjsp
10493,tjsp
10494,tjsp
10495,tjsp
10496,tjsp
10497,tjsp
10499,tjsp
10500,tjsp
10501,tjsp
10502,tjsp
10503,tjsp
10504,tjsp
10505,tjsp
10508,tjsp
10509,tjsp
10512,tjsp
10514,tjsp
10515,tjsp
10516,tjsp
10523,tjsp
10527,tjsp
10528,tjsp
10529,tjsp
10530,tjsp
10531,tjsp
10532,tjsp
10533,tjsp
10534,tjsp
10535,tjsp
10536,tjsp
10537,tjsp
10538,tjsp
10539,tjsp
10540,tjsp
10543,tjsp
10544,tjsp
10545,tjsp
10546,tjsp
10547,tjsp
10548,tjsp
10549,tjsp
10550,tjsp
10551,tjsp
10556,tjsp
10557,tjsp
10558,tjsp
10559,tjsp
10560,tjsp
10561,tjsp
10562,tjsp
10563,tjsp
10564,tjsp
10565,tjsp
10567,tjsp
10568,tjsp
10569,tjsp
10570,tjsp
10571,tjsp
10572,tjsp
10573,tjsp
10577,tjsp
10581,tjsp
10582,tjsp
10585,tjsp
10586,tjsp
10587,tjsp
10588,tjsp
10589,tjsp
10590,tjsp
10591,tjsp
10592,tjsp
10593,tjsp
10595,tjsp
10596,tjsp
10598,tjsp
10599,tjsp
10600,tjsp
10601,tjsp
10602,tjsp
10603,tjsp
10604,tjsp
10605,tjsp
10606,tjsp
10607,tjsp
10608,tjsp
10609,tjsp
10610,tjsp
10612,tjsp
10613,tjsp
10614,tjsp
10615,tjsp
10616,tjsp
10617,tjsp
10618,tjsp
10619,tjsp
10620,tjsp
10621,tjsp
10622,tjsp
10623,tjsp
10624,tjsp
10625,tjsp
10626,tjsp
10627,tjsp
10628,tjsp
10630,tjsp
10631,tjsp
10632,tjsp
10633,tjsp
10634,tjsp
10635,tjsp
10636,tjsp
10637,tjsp
10638,tjsp
10640,tjsp
10641,tjsp
10642,tjsp
10643,tjsp
10644,tjsp
10645,tjsp
10646,tjsp
10647,tjsp
10651,tjsp
10652,tjsp
10653,tjsp
10654,tjsp
10655,tjsp
10656,tjsp
10657,tjsp
10658,tjsp
10659,tjsp
10660,tjsp
10661,tjsp
10662,tjsp
10666,tjsp
10667,tjsp
10668,tjsp
10669,tjsp
10670,tjsp
10671,tjsp
10672,tjsp
10673,tjsp
10675,tjsp
10676,tjsp
10677,tjsp
10678,tjsp
10679,tjsp
10680,tjsp
10681,tjsp
10683,tjsp
10684,tjsp
10685,tjsp
10686,tjsp
10687,tjsp
10688,tjsp
10689,tjsp
10690,tjsp
10691,tjsp
10692,tjsp
10693,tjsp
10695,tjsp
10696,tjsp
10697,tjsp
10698,tjsp
10699,tjsp
10700,tjsp
10701,tjsp
10702,tjsp
10703,tjsp
10705,tjsp
10706,tjsp
10707,tjsp
10708,tjsp
10709,tjsp
10710,tjsp
10711,tjsp
10712,tjsp
10713,tjsp
10714,tjsp
10715,tjsp
10718,tjsp
10719,tjsp
10720,tjsp
10721,tjsp
10722,tjsp
10723,tjsp
10724,tjsp
10725,tjsp
10726,tjsp
10727,tjsp
10728,tjsp
10729,tjsp
10730,tjsp
10731,tjsp
10732,tjsp
10733,tjsp
10734,tjsp
10735,tjsp
10736,tjsp
10737,tjsp
10738,tjsp
10739,tjsp
10740,tjsp
10741,tjsp
10743,tjsp
10744,tjsp
10745,tjsp
10746,tjsp
10747,tjsp
10748,tjsp
10749,tjsp
10750,tjsp
10751,tjsp
10752,tjsp
10753,tjsp
10754,tjsp
10755,tjsp
10756,tjsp
10757,tjsp
10760,tjsp
10762,tjsp
10763,tjsp
10764,tjsp
10765,tjsp
10766,tjsp
10767,tjsp
10768,tjsp
10769,tjsp
10770,tjsp
10771,tjsp
10772,tjsp
10773,tjsp
10774,tjsp
10775,tjsp
10776,tjsp
10777,tjsp
10778,tjsp
10779,tjsp
10780,tjsp
10781,tjsp
10782,tjsp
10783,tjsp
10784,tjsp
10785,tjsp
10786,tjsp
10787,tjsp
10788,tjsp
10789,tjsp
10790,tjsp
10791,tjsp
10792,tjsp
10793,tjsp
10794,tjsp
10795,tjsp
10796,tjsp
10797,tjsp
10798,tjsp
10799,tjsp
10800,tjsp
10801,tjsp
10802,tjsp
10803,tjsp
10804,tjsp
10805,tjsp
10806,tjsp
10807,tjsp
10808,tjsp
10809,tjsp
10810,tjsp
10811,tjsp
10812,tjsp
10813,tjsp
10814,tjsp
10815,tjsp
10816,tjsp
10817,tjsp
10818,tjsp
10819,tjsp
10820,tjsp
10821,tjsp
10822,tjsp
10823,tjsp
10824,tjsp
10825,tjsp
10826,tjsp
10827,tjsp
10830,tjsp
10831,tjsp
10832,tjsp
10833,tjsp
10834,tjsp
10835,tjsp
10836,tjsp
10837,tjsp
10838,tjsp
10839,tjsp
10840,tjsp
10841,tjsp
10842,tjsp
10843,tjsp
10844,tjsp
10845,tjsp
10846,tjsp
10847,tjsp
10848,tjsp
10849,tjsp
10850,tjsp
10851,tjsp
10852,tjsp
10854,tjsp
10855,tjsp
10856,tjsp
10857,tjsp
10858,tjsp
10859,tjsp
10860,tjsp
10861,tjsp
10862,tjsp
10863,tjsp
10864,tjsp
10865,tjsp
10866,tjsp
10867,tjsp
10868,tjsp
10869,tjsp
10870,tjsp
10871,tjsp
10872,tjsp
10873,tjsp
10874,tjsp
10875,tjsp
10877,tjsp
10878,tjsp
10879,tjsp
10880,tjsp
10881,tjsp
10883,tjsp
10884,tjsp
10885,tjsp
10886,tjsp
10887,tjsp
10888,tjsp
10889,tjsp
10890,tjsp
10891,tjsp
10892,tjsp
10893,tjsp
10894,tjsp
10897,tjsp
10898,tjsp
10899,tjsp
10900,tjsp
10901,tjsp
10902,tjsp
10903,tjsp
10904,tjsp
10905,tjsp
10906,tjsp
10907,tjsp
10908,tjsp
10909,tjsp
10910,tjsp
10912,tjsp
10913,tjsp
10914,tjsp
10915,tjsp
10917,tjsp
10918,tjsp
10919,tjsp
10921,tjsp
10922,tjsp
10923,tjsp
10924,tjsp
10925,tjsp
10926,tjsp
10928,tjsp
10930,tjsp
10931,tjsp
10932,tjsp
10935,tjsp
10936,tjsp
10938,tjsp
10939,tjsp
10940,tjsp
10941,tjsp
10945,tjsp
10946,tjsp
10947,tjsp
10948,tjsp
10949,tjsp
10950,tjsp
10951,tjsp
10952,tjsp
10954,tjsp
10955,tjsp
10956,tjsp
10957,tjsp
10958,tjsp
10959,tjsp
10982,tjsp
10983,tjsp
10984,tjsp
10985,tjsp
10986,tjsp
10987,tjsp
10988,tjsp
10989,tjsp
10990,tjsp
10991,tjsp
10992,tjsp
10993,tjsp
10994,tjsp
10995,tjsp
10996,tjsp
10997,tjsp
10998,tjsp
10999,tjsp
11000,tjsp
11001,tjsp
11004,tjsp
11005,tjsp
11006,tjsp
11007,tjsp
11047,tjsp
11048,tjsp
11049,tjsp
11050,tjsp
11051,tjsp
11052,tjsp
11053,tjsp
11054,tjsp
11055,tjsp
11056,tjsp
11057,tjsp
11058,tjsp
11059,tjsp
11060,tjsp
11061,tjsp
11062,tjsp
11063,tjsp
11064,tjsp
11065,tjsp
11066,tjsp
11067,tjsp
11068,tjsp
11069,tjsp
11070,tjsp
11071,tjsp
11072,tjsp
11073,tjsp
11074,tjsp
11075,tjsp
11076,tjsp
11077,tjsp
11078,tjsp
11079,tjsp
11080,tjsp
11081,tjsp
11082,tjsp
11083,tjsp
11084,tjsp
11085,tjsp
11086,tjsp
11087,tjsp
11088,tjsp
11089,tjsp
11090,tjsp
11091,tjsp
11092,tjsp
11093,tjsp
11094,tjsp
11095,tjsp
11096,tjsp
11097,tjsp
11098,tjsp
11100,tjsp
11101,tjsp
11102,tjsp
11103,tjsp
11104,tjsp
11105,tjsp
11106,tjsp
11107,tjsp
11108,tjsp
11109,tjsp
11110,tjsp
11111,tjsp
11112,tjsp
11113,tjsp
11114,tjsp
11115,tjsp
11116,tjsp
11117,tjsp
11118,tjsp
11119,tjsp
11120,tjsp
11121,tjsp
11122,tjsp
11123,tjsp
11124,tjsp
11125,tjsp
11126,tjsp
11127,tjsp
11128,tjsp
11129,tjsp
11130,tjsp
11131,tjsp
11132,tjsp
11133,tjsp
11134,tjsp
11135,tjsp
11136,tjsp
11137,tjsp
11138,tjsp
11139,tjsp
11140,tjsp
11141,tjsp
11142,tjsp
11143,tjsp
11144,tjsp
11145,tjsp
11146,tjsp
11147,tjsp
11148,tjsp
11149,tjsp
11150,tjsp
11151,tjsp
11152,tjsp
11153,tjsp
11154,tjsp
11155,tjsp
11156,tjsp
11157,tjsp
11158,tjsp
11159,tjsp
11160,tjsp
11161,tjsp
11162,tjsp
11163,tjsp
11164,tjsp
11165,tjsp
11166,tjsp
11167,tjsp
11168,tjsp
11169,tjsp
11170,tjsp
11171,tjsp
11172,tjsp
11173,tjsp
11174,tjsp
11175,tjsp
11176,tjsp
11177,tjsp
11178,tjsp
11179,tjsp
11180,tjsp
11181,tjsp
11182,tjsp
11183,tjsp
11184,tjsp
11185,tjsp
11186,tjsp
11187,tjsp
11188,tjsp
11189,tjsp
11190,tjsp
11191,tjsp
11192,tjsp
11193,tjsp
11194,tjsp
11195,tjsp
11196,tjsp
11197,tjsp
11198,tjsp
11199,tjsp
11200,tjsp
11201,tjsp
11202,tjsp
11203,tjsp
11204,tjsp
11205,tjsp
11206,tjsp
11207,tjsp
11208,tjsp
11209,tjsp
11210,tjsp
11211,tjsp
11212,tjsp
11213,tjsp
11214,tjsp
11215,tjsp
11216,tjsp
11217,tjsp
11218,tjsp
11219,tjsp
11220,tjsp
11221,tjsp
11222,tjsp
11223,tjsp
11224,tjsp
11225,tjsp
11226,tjsp
11227,tjsp
11228,tjsp
11229,tjsp
11230,tjsp
11231,tjsp
11232,tjsp
11233,tjsp
11234,tjsp
11235,tjsp
11236,tjsp
11237,tjsp
11238,tjsp
11239,tjsp
11240,tjsp
11241,tjsp
11242,tjsp
11243,tjsp
11244,tjsp
11245,tjsp
11246,tjsp
11247,tjsp
11248,tjsp
11249,tjsp
11250,tjsp
11251,tjsp
11252,tjsp
11253,tjsp
11254,tjsp
11255,tjsp
11256,tjsp
11257,tjsp
11258,tjsp
11259,tjsp
11260,tjsp
11261,tjsp
11262,tjsp
11263,tjsp
11264,tjsp
11265,tjsp
11266,tjsp
11267,tjsp
11268,tjsp
11269,tjsp
11270,tjsp
11271,tjsp
11272,tjsp
11273,tjsp
11274,tjsp
11275,tjsp
11276,tjsp
11277,tjsp
11278,tjsp
11279,tjsp
11280,tjsp
11281,tjsp
11282,tjsp
11283,tjsp
11284,tjsp
11285,tjsp
11286,tjsp
11287,tjsp
11288,tjsp
11289,tjsp
11290,tjsp
11291,tjsp
11292,tjsp
11293,tjsp
11294,tjsp
11295,tjsp
11296,tjsp
11297,tjsp
11298,tjsp
11299,tjsp
11300,tjsp
11301,tjsp
11302,tjsp
11303,tjsp
11304,tjsp
11305,tjsp
11306,tjsp
11307,tjsp
11308,tjsp
11309,tjsp
11310,tjsp
11311,tjsp
11312,tjsp
11313,tjsp
11314,tjsp
11315,tjsp
11316,tjsp
11317,tjsp
11318,tjsp
11319,tjsp
11320,tjsp
11321,tjsp
11322,tjsp
11323,tjsp
11324,tjsp
11325,tjsp
11326,tjsp
11327,tjsp
11328,tjsp
11329,tjsp
11330,tjsp
11331,tjsp
11332,tjsp
11333,tjsp
11334,tjsp
11335,tjsp
11336,tjsp
11337,tjsp
11338,tjsp
11339,tjsp
11340,tjsp
11341,tjsp
11342,tjsp
11343,tjsp
11344,tjsp
11345,tjsp
11346,tjsp
11347,tjsp
11348,tjsp
11349,tjsp
11350,tjsp
11351,tjsp
11352,tjsp
11353,tjsp
11354,tjsp
11355,tjsp
11356,tjsp
11357,tjsp
11358,tjsp
11359,tjsp
11360,tjsp
11361,tjsp
11362,tjsp
11363,tjsp
11364,tjsp
11365,tjsp
11366,tjsp
11367,tjsp
11368,tjsp
11369,tjsp
11370,tjsp
11371,tjsp
11372,tjsp
11386,tjsp
11387,tjsp
11388,tjsp
11389,tjsp
11390,tjsp
11391,tjsp
11392,tjsp
11410,tjsp
11412,tjsp
11413,tjsp
11414,tjsp
11416,tjsp
11417,tjsp
11418,tjsp
11419,tjsp
11420,tjsp
11421,tjsp
11422,tjsp
11428,tjsp
11429,tjsp
11430,tjsp
11431,tjsp
11432,tjsp
11433,tjsp
11434,tjsp
11435,tjsp
11436,tjsp
11437,tjsp
11438,tjsp
11439,tjsp
11440,tjsp
11441,tjsp
11442,tjsp
11443,tjsp
11444,tjsp
11445,tjsp
11446,tjsp
11447,tjsp
11448,tjsp
11449,tjsp
11450,tjsp
11451,tjsp
11452,tjsp
11453,tjsp
11454,tjsp
11455,tjsp
11456,tjsp
11457,tjsp
11458,tjsp
11459,tjsp
11460,tjsp
11461,tjsp
11464,tjsp
11465,tjsp
11466,tjsp
11467,tjsp
11468,tjsp
11469,tjsp
11470,tjsp
11471,tjsp
11472,tjsp
11473,tjsp
11474,tjsp
11475,tjsp
11476,tjsp
11477,tjsp
11478,tjsp
11479,tjsp
11480,tjsp
11481,tjsp
11482,tjsp
11483,tjsp
11484,tjsp
11485,tjsp
11486,tjsp
11487,tjsp
11488,tjsp
11489,tjsp
11490,tjsp
11491,tjsp
11492,tjsp
11493,tjsp
11494,tjsp
11495,tjsp
11496,tjsp
11497,tjsp
11498,tjsp
11499,tjsp
11500,tjsp
11501,tjsp
11502,tjsp
11503,tjsp
11504,tjsp
11505,tjsp
11506,tjsp
11507,tjsp
11508,tjsp
11509,tjsp
11510,tjsp
11511,tjsp
11512,tjsp
11513,tjsp
11514,tjsp
11515,tjsp
11516,tjsp
11517,tjsp
11518,tjsp
11519,tjsp
11520,tjsp
11521,tjsp
11522,tjsp
11523,tjsp
11524,tjsp
11557,tjsp
11558,tjsp
11559,tjsp
11560,tjsp
11561,tjsp
11562,tjsp
11563,tjsp
11564,tjsp
11565,tjsp
11566,tjsp
11567,tjsp
11568,tjsp
11569,tjsp
11570,tjsp
11571,tjsp
11572,tjsp
11573,tjsp
11574,tjsp
11575,tjsp
11576,tjsp
11577,tjsp
11578,tjsp
11579,tjsp
11580,tjsp
11581,tjsp
11582,tjsp
11583,tjsp
11584,tjsp
11585,tjsp
11586,tjsp
11587,tjsp
11588,tjsp
11589,tjsp
11590,tjsp
11591,tjsp
11592,tjsp
11593,tjsp
11594,tjsp
11595,tjsp
11596,tjsp
11597,tjsp
11598,tjsp
11599,tjsp
11600,tjsp
11601,tjsp
11602,tjsp
11603,tjsp
11604,tjsp
11605,tjsp
11606,tjsp
11607,tjsp
11608,tjsp
11609,tjsp
11610,tjsp
11611,tjsp
11612,tjsp
11613,tjsp
11614,tjsp
11615,tjsp
11616,tjsp
11617,tjsp
11618,tjsp
11619,tjsp
11620,tjsp
11621,tjsp
11622,tjsp
11623,tjsp
11624,tjsp
11625,tjsp
11626,tjsp
11627,tjsp
11628,tjsp
11629,tjsp
11630,tjsp
11631,tjsp
11632,tjsp
11633,tjsp
11634,tjsp
11635,tjsp
11636,tjsp
11637,tjsp
11638,tjsp
11639,tjsp
11640,tjsp
11641,tjsp
11642,tjsp
11643,tjsp
11644,tjsp
11645,tjsp
11646,tjsp
11647,tjsp
11648,tjsp
11649,tjsp
11650,tjsp
11651,tjsp
11652,tjsp
11653,tjsp
11654,tjsp
11655,tjsp
11656,tjsp
11657,tjsp
11658,tjsp
11659,tjsp
11660,tjsp
11661,tjsp
11662,tjsp
11663,tjsp
11664,tjsp
11665,tjsp
11666,tjsp
11667,tjsp
11668,tjsp
11669,tjsp
11670,tjsp
11671,tjsp
11672,tjsp
11673,tjsp
11674,tjsp
11675,tjsp
11676,tjsp
11677,tjsp
11678,tjsp
11679,tjsp
11680,tjsp
11681,tjsp
11682,tjsp
11683,tjsp
11684,tjsp
11685,tjsp
11686,tjsp
11687,tjsp
11688,tjsp
11689,tjsp
11690,tjsp
11691,tjsp
11692,tjsp
11693,tjsp
11694,tjsp
11695,tjsp
11696,tjsp
11697,tjsp
11698,tjsp
11699,tjsp
11700,tjsp
11701,tjsp
11702,tjsp
11703,tjsp
11704,tjsp
11705,tjsp
11706,tjsp
11707,tjsp
11708,tjsp
11709,tjsp
11710,tjsp
11711,tjsp
11712,tjsp
11713,tjsp
11714,tjsp
11715,tjsp
11716,tjsp
11717,tjsp
11718,tjsp
11719,tjsp
11720,tjsp
11721,tjsp
11722,tjsp
11723,tjsp
11724,tjsp
11725,tjsp
11726,tjsp
11727,tjsp
11728,tjsp
11729,tjsp
11730,tjsp
11731,tjsp
11732,tjsp
11733,tjsp
11734,tjsp
11735,tjsp
11736,tjsp
11737,tjsp
11738,tjsp
11739,tjsp
11740,tjsp
11741,tjsp
11742,tjsp
11743,tjsp
11744,tjsp
11745,tjsp
11746,tjsp
11747,tjsp
11748,tjsp
11749,tjsp
11750,tjsp
11751,tjsp
11752,tjsp
11753,tjsp
11754,tjsp
11755,tjsp
11756,tjsp
11757,tjsp
11758,tjsp
11759,tjsp
11760,tjsp
11761,tjsp
11762,tjsp
11763,tjsp
11764,tjsp
11765,tjsp
11766,tjsp
11767,tjsp
11768,tjsp
11769,tjsp
11770,tjsp
11771,tjsp
11772,tjsp
11773,tjsp
11774,tjsp
11775,tjsp
11776,tjsp
11777,tjsp
11778,tjsp
11779,tjsp
11780,tjsp
11781,tjsp
11782,tjsp
11783,tjsp
11784,tjsp
11785,tjsp
11786,tjsp
11797,tjsp
11802,tjsp
11803,tjsp
11804,tjsp
11805,tjsp
11806,tjsp
11807,tjsp
11808,tjsp
11809,tjsp
11810,tjsp
11811,tjsp
11812,tjsp
11814,tjsp
11815,tjsp
11816,tjsp
11817,tjsp
11818,tjsp
11819,tjsp
11820,tjsp
11821,tjsp
11822,tjsp
11823,tjsp
11824,tjsp
11825,tjsp
11826,tjsp
11827,tjsp
11828,tjsp
11829,tjsp
11830,tjsp
11831,tjsp
11832,tjsp
11833,tjsp
11834,tjsp
11835,tjsp
11836,tjsp
11837,tjsp
11838,tjsp
11839,tjsp
11840,tjsp
11841,tjsp
11842,tjsp
11843,tjsp
11844,tjsp
11845,tjsp
11846,tjsp
11847,tjsp
11848,tjsp
11849,tjsp
11851,tjsp
11852,tjsp
11853,tjsp
11854,tjsp
11855,tjsp
11856,tjsp
11857,tjsp
11858,tjsp
11860,tjsp
11861,tjsp
11862,tjsp
11863,tjsp
11864,tjsp
11865,tjsp
11866,tjsp
11867,tjsp
11868,tjsp
11869,tjsp
11870,tjsp
11871,tjsp
11872,tjsp
11873,tjsp
11874,tjsp
11883,tjsp
11884,tjsp
11885,tjsp
11895,tjsp
11896,tjsp
11897,tjsp
11898,tjsp
11899,tjsp
11900,tjsp
11901,tjsp
11902,tjsp
11903,tjsp
11904,tjsp
11905,tjsp
11906,tjsp
11907,tjsp
11908,tjsp
11909,tjsp
11910,tjsp
11911,tjsp
11912,tjsp
11913,tjsp
11914,tjsp
11915,tjsp
11916,tjsp
11917,tjsp
11918,tjsp
11919,tjsp
11920,tjsp
11921,tjsp
11922,tjsp
11923,tjsp
11924,tjsp
11925,tjsp
11926,tjsp
11927,tjsp
11928,tjsp
11929,tjsp
11930,tjsp
11931,tjsp
11932,tjsp
11933,tjsp
11934,tjsp
11935,tjsp
11936,tjsp
11937,tjsp
11938,tjsp
11939,tjsp
11940,tjsp
11941,tjsp
11942,tjsp
11943,tjsp
11944,tjsp
11945,tjsp
11946,tjsp
11947,tjsp
11948,tjsp
11949,tjsp
11950,tjsp
11951,tjsp
11952,tjsp
11954,tjsp
11958,tjsp
11959,tjsp
11960,tjsp
11961,tjsp
11962,tjsp
11963,tjsp
11964,tjsp
11965,tjsp
11966,tjsp
11967,tjsp
11968,tjsp
11969,tjsp
11970,tjsp
11971,tjsp
11972,tjsp
11973,tjsp
11974,tjsp
11977,tjsp
11978,tjsp
11979,tjsp
11980,tjsp
11981,tjsp
11982,tjsp
11984,tjsp
11985,tjsp
11986,tjsp
11987,tjsp
11988,tjsp
11989,tjsp
11990,tjsp
11991,tjsp
11992,tjsp
11993,tjsp
11994,tjsp
11995,tjsp
11996,tjsp
11997,tjsp
11998,tjsp
11999,tjsp
12000,tjsp
12001,tjsp
12002,tjsp
12003,tjsp
12004,tjsp
12005,tjsp
12006,tjsp
12007,tjsp
12008,tjsp
12009,tjsp
12010,tjsp
12011,tjsp
12012,tjsp
12013,tjsp
12014,tjsp
12015,tjsp
12016,tjsp
12017,tjsp
12018,tjsp
12019,tjsp
12020,tjsp
12021,tjsp
12022,tjsp
12023,tjsp
12024,tjsp
12025,tjsp
12026,tjsp
12027,tjsp
12030,tjsp
12031,tjsp
12042,tjsp
12043,tjsp
12044,tjsp
12045,tjsp
12046,tjsp
12047,tjsp
12048,tjsp
12049,tjsp
12050,tjsp
12051,tjsp
12052,tjsp
12053,tjsp
12054,tjsp
12055,tjsp
12056,tjsp
12062,tjsp
12063,tjsp
12064,tjsp
12069,tjsp
12090,tjsp
12091,tjsp
12130,tjsp
12131,tjsp
12152,tjsp
12155,tjsp
12156,tjsp
12157,tjsp
12158,tjsp
12159,tjsp
12160,tjsp
12161,tjsp
12162,tjsp
12194,tjsp
12195,tjsp
12196,tjsp
12197,tjsp
12216,tjsp
12217,tjsp
12218,tjsp
12219,tjsp
12220,tjsp
12221,tjsp
12222,tjsp
12223,tjsp
12224,tjsp
12225,tjsp
12235,tjsp
12236,tjsp
12237,tjsp
12238,tjsp
12239,tjsp
12240,tjsp
12241,tjsp
12242,tjsp
12243,tjsp
12244,tjsp
12245,tjsp
12333,tjsp
12334,tjsp
12335,tjsp
12336,tjsp
12337,tjsp
12338,tjsp
12339,tjsp
12340,tjsp
12341,tjsp
12342,tjsp
12343,tjsp
12344,tjsp
12345,tjsp
12346,tjsp
12347,tjsp
12348,tjsp
12349,tjsp
12350,tjsp
12351,tjsp
12352,tjsp
12353,tjsp
12354,tjsp
12355,tjsp
12356,tjsp
12358,tjsp
12360,tjsp
12361,tjsp
12362,tjsp
12363,tjsp
12364,tjsp
12365,tjsp
12366,tjsp
12367,tjsp
12368,tjsp
12378,tjsp
12379,tjsp
12380,tjsp
12381,tjsp
12382,tjsp
12383,tjsp
12384,tjsp
12385,tjsp
12392,tjsp
12393,tjsp
12395,tjsp
12396,tjsp
12397,tjsp
12398,tjsp
12399,tjsp
12400,tjsp
12401,tjsp
12402,tjsp
12403,tjsp
12404,tjsp
12405,tjsp
12406,tjsp
12407,tjsp
12408,tjsp
12409,tjsp
12410,tjsp
12411,tjsp
12412,tjsp
12413,tjsp
12414,tjsp
12415,tjsp
12416,tjsp
12417,tjsp
12418,tjsp
12419,tjsp
12420,tjsp
12426,tjsp
12460,tjsp
12461,tjsp
12462,tjsp
12463,tjsp
12467,tjsp
12468,tjsp
12469,tjsp
12470,tjsp
12471,tjsp
12480,tjsp
12481,tjsp
12482,tjsp
12483,tjsp
12484,tjsp
12485,tjsp
12486,tjsp
12487,tjsp
12488,tjsp
12489,tjsp
12490,tjsp
12491,tjsp
12492,tjsp
12493,tjsp
12494,tjsp
12495,tjsp
12496,tjsp
12497,tjsp
12498,tjsp
12499,tjsp
12500,tjsp
12501,tjsp
12502,tjsp
12503,tjsp
12504,tjsp
12505,tjsp
12506,tjsp
12507,tjsp
12508,tjsp
12509,tjsp
12510,tjsp
12511,tjsp
12512,tjsp
12513,tjsp
12514,tjsp
12515,tjsp
12516,tjsp
12517,tjsp
12518,tjsp
12519,tjsp
12520,tjsp
12521,tjsp
12542,tjsp
12543,tjsp
12544,tjsp
12545,tjsp
12546,tjsp
12547,tjsp
12563,tjsp
12564,tjsp
12565,tjsp
12566,tjsp
12567,tjsp
12568,tjsp
12569,tjsp
12570,tjsp
12571,tjsp
12572,tjsp
12573,tjsp
12574,tjsp
12575,tjsp
12576,tjsp
12577,tjsp
12578,tjsp
12579,tjsp
12580,tjsp
12581,tjsp
12582,tjsp
12583,tjsp
12584,tjsp
12585,tjsp
12586,tjsp
12587,tjsp
12588,tjsp
12589,tjsp
12590,tjsp
12591,tjsp
12592,tjsp
12593,tjsp
12594,tjsp
12595,tjsp
12596,tjsp
12597,tjsp
12598,tjsp
12599,tjsp
12600,tjsp
12601,tjsp
12602,tjsp
12603,tjsp
12604,tjsp
12605,tjsp
12612,tjsp
12620,tjsp
12634,tjsp
12635,tjsp
12636,tjsp
12637,tjsp
12638,tjsp
12639,tjsp
12640,tjsp
12641,tjsp
12642,tjsp
12643,tjsp
12644,tjsp
12645,tjsp
12725,tjsp
12726,tjsp
12730,tjsp
12731,tjsp
12732,tjsp
12734,tjsp
12754,tjsp
12755,tjsp
12756,tjsp
12757,tjsp
12758,tjsp
12770,tjsp
12771,tjsp
12772,tjsp
12773,tjsp
12774,tjsp